{
  "notebook": "Notebook 19 \u2014 Activation Patching Localization of Damage",
  "timestamp": "20260425_040328",
  "model": "Qwen/Qwen3-0.6B",
  "n_pairs": 7,
  "data_source": "pair indices auto-fetched from github.com/rukmini-17/targeted-unlearning",
  "mean_single_layer_recovery_per_layer": [
    1.2321607108791472e-16,
    2.0617720297139564e-14,
    2.0617720297139564e-14,
    2.0617720297139564e-14,
    3.587121285909066e-14,
    3.587121285909066e-14,
    3.5871227537425915e-14,
    3.5871227537425915e-14,
    3.5871227537425915e-14,
    3.5871227537425915e-14,
    1.5897689613110056e-12,
    1.5897689613110056e-12,
    1.5897689613110056e-12,
    1.5897689613110056e-12,
    1.5897689613110056e-12,
    1.5897689613110056e-12,
    0.1431324601748031,
    0.14313246017480408,
    0.14313246017480408,
    0.14313246017484665,
    0.42018774489428135,
    0.428297261776773,
    0.4282972899065275,
    0.428571456834205,
    0.428571456834205,
    0.4285746292463123,
    0.7142789693562211,
    1.0
  ],
  "mean_cumulative_recovery_per_layer": [
    1.2321607108791472e-16,
    2.0617720297139564e-14,
    2.0617720297139564e-14,
    2.0617720297139564e-14,
    3.587121285909066e-14,
    3.587121285909066e-14,
    3.5871227537425915e-14,
    3.5871227537425915e-14,
    3.5871227537425915e-14,
    3.5871227537425915e-14,
    1.5897689613110056e-12,
    1.5897689613110056e-12,
    1.5897689613110056e-12,
    1.5897689613110056e-12,
    1.5897689613110056e-12,
    1.5897689613110056e-12,
    0.1431324601748031,
    0.14313246017480408,
    0.14313246017480408,
    0.14313246017484665,
    0.42018774489428135,
    0.428297261776773,
    0.4282972899065275,
    0.428571456834205,
    0.428571456834205,
    0.4285746292463123,
    0.7142789693562211,
    1.0
  ],
  "peak_single_layer_overall": 27,
  "peak_single_layer_mean_recovery": 1.0,
  "cumulative_50pct_layer": 26,
  "cumulative_90pct_layer": 27,
  "pairs_with_localized_damage": 7,
  "pairs_with_distributed_damage": 0,
  "pairs_with_saturated_damage": 0,
  "damage_at_edit_site_count": 3,
  "total_pairs": 7,
  "verdict": "localized_downstream"
}