{
  "rows": [
    {
      "pair_idx": 0,
      "A_idx": 11,
      "B_idx": 1221,
      "cos_perturbation_vs_edit": 0.1593828946352005,
      "projection_signed": 377.17826692066296,
      "mag_delta_h_from_B": 2366.491455078125,
      "mag_h_edit_contribution": 7833.88720703125,
      "p_A_postA": 0.9999957084655762,
      "p_A_postAB": 7.433693959869869e-14,
      "p_B_postAB": 0.27230390906333923,
      "A_displaced": 0.9999957084655018,
      "per_layer_projections": [
        0.0,
        0.0,
        0.9818166489727076,
        2.887748227719333,
        4.126412156151114,
        5.511560851355738,
        6.85105121803376,
        7.440859689054747,
        11.065725859882235,
        13.359240004409108,
        12.47788522630532,
        11.394311729272832,
        11.922038710451124,
        9.42528704113616,
        10.612205689627682,
        7.923441124893006,
        7.31427013811923,
        7.55409538127077,
        8.931182469716171,
        35.586520048212186,
        59.74861006541642,
        75.5901326384158,
        89.28752308196621,
        101.5360973604405,
        103.90611956330629,
        105.35214618219415,
        139.22854606094987,
        377.17826692066296
      ],
      "status": "ok"
    },
    {
      "pair_idx": 1,
      "A_idx": 231,
      "B_idx": 2065,
      "cos_perturbation_vs_edit": 0.11001397669315338,
      "projection_signed": 140.01694277171407,
      "mag_delta_h_from_B": 1272.7196044921875,
      "mag_h_edit_contribution": 3940.943603515625,
      "p_A_postA": 0.9956222176551819,
      "p_A_postAB": 1.5671059489439285e-19,
      "p_B_postAB": 0.9999992847442627,
      "A_displaced": 0.9956222176551819,
      "per_layer_projections": [
        0.0,
        -0.7772311922643332,
        3.5615631654340696,
        9.348142815986709,
        8.347107054734906,
        9.06528664658569,
        7.362678003237479,
        5.292382801310667,
        6.559212014600095,
        11.141144103175032,
        13.948883342229319,
        17.574483033596596,
        21.967846670214577,
        29.664370757900762,
        31.928011754316227,
        28.025601704554465,
        37.406862158779035,
        34.98455578400874,
        40.939848164072764,
        43.43608210828057,
        68.75222390729243,
        110.87057592198278,
        148.55973941414337,
        156.87864913282186,
        173.09234500608113,
        197.24034890736147,
        198.74420114207155,
        140.01694277171407
      ],
      "status": "ok"
    },
    {
      "pair_idx": 2,
      "A_idx": 257,
      "B_idx": 4161,
      "cos_perturbation_vs_edit": 0.023120258003473282,
      "projection_signed": 34.67367995970218,
      "mag_delta_h_from_B": 1499.709716796875,
      "mag_h_edit_contribution": 9189.39453125,
      "p_A_postA": 0.9999809265136719,
      "p_A_postAB": 0.9967029690742493,
      "p_B_postAB": 0.0031742483843117952,
      "A_displaced": 0.0032779574394226074,
      "per_layer_projections": [
        0.0,
        0.0,
        0.0,
        0.0,
        1.2497327565440148,
        2.68085569977214,
        1.6727179086059099,
        1.602419377265804,
        0.5352199312199569,
        -0.03407036680240563,
        7.484027072529995,
        10.200777785654529,
        14.416754860735006,
        15.53768472052223,
        13.855446479176395,
        15.112583029779842,
        34.87580003316442,
        36.625953092647244,
        35.840892223038736,
        45.365338449529936,
        45.147989520788975,
        48.221669808662284,
        46.167913041132245,
        36.99962104743848,
        49.28162812775968,
        46.000004344768975,
        22.37108027833953,
        34.67367995970218
      ],
      "status": "ok"
    },
    {
      "pair_idx": 3,
      "A_idx": 410,
      "B_idx": 1895,
      "cos_perturbation_vs_edit": 0.030940145254135132,
      "projection_signed": 54.2909953807729,
      "mag_delta_h_from_B": 1754.710693359375,
      "mag_h_edit_contribution": 5641.33203125,
      "p_A_postA": 1.0,
      "p_A_postAB": 3.113274922608374e-19,
      "p_B_postAB": 0.9992185831069946,
      "A_displaced": 1.0,
      "per_layer_projections": [
        0.0,
        0.0,
        0.0,
        0.6073316121676241,
        0.46354615785035913,
        0.5342159256232998,
        1.1371392100276787,
        1.8540819181144506,
        2.41677396773996,
        1.7150859686088724,
        1.4182107632159684,
        0.7576676811888623,
        1.1881761316550148,
        2.2970182937644057,
        3.9622381762798877,
        5.0058613110018335,
        6.896443404333606,
        5.903960902846601,
        6.813481716408277,
        14.174653211550972,
        18.617438203398276,
        23.179813186323685,
        35.16085580774262,
        50.06480802743431,
        61.1485667277611,
        57.127444041688264,
        92.26673831530876,
        54.2909953807729
      ],
      "status": "ok"
    },
    {
      "pair_idx": 4,
      "A_idx": 431,
      "B_idx": 1516,
      "cos_perturbation_vs_edit": 0.12556590139865875,
      "projection_signed": 370.31056450021174,
      "mag_delta_h_from_B": 2949.1328125,
      "mag_h_edit_contribution": 2178.274169921875,
      "p_A_postA": 1.0,
      "p_A_postAB": 1.4380713620246698e-17,
      "p_B_postAB": 0.9999998807907104,
      "A_displaced": 1.0,
      "per_layer_projections": [
        0.0,
        0.7239945190061229,
        1.8759194457917867,
        3.1582761235097774,
        2.777460316710325,
        2.9566417333370327,
        3.936656065533316,
        4.196179055620856,
        5.547720966776623,
        5.827630670267401,
        3.2897306698587987,
        5.054389827071411,
        6.168680944598057,
        4.301780142827996,
        6.239769634002874,
        5.283372997259334,
        7.190544105926294,
        14.29790507285785,
        21.986922767181692,
        38.37803157860159,
        52.9984941190517,
        62.16524324165396,
        105.8790513801096,
        65.81996685193224,
        97.9689177971809,
        118.7781339526115,
        110.69654165909324,
        370.31056450021174
      ],
      "status": "ok"
    },
    {
      "pair_idx": 5,
      "A_idx": 461,
      "B_idx": 1933,
      "cos_perturbation_vs_edit": 0.3028072416782379,
      "projection_signed": 407.90439139191653,
      "mag_delta_h_from_B": 1347.0760498046875,
      "mag_h_edit_contribution": 2243.23583984375,
      "p_A_postA": 0.9987372756004333,
      "p_A_postAB": 2.5536972407200937e-22,
      "p_B_postAB": 1.0,
      "A_displaced": 0.9987372756004333,
      "per_layer_projections": [
        1.6244390212922424,
        -7.563402452775568,
        -5.834318604400812,
        -4.570598898622876,
        -4.294541006756143,
        -2.124191519021395,
        -1.842503732131453,
        -0.5339902494126383,
        3.966917635683062,
        5.019534884502955,
        6.9138015547066995,
        7.899091500919531,
        9.147384013068937,
        10.963389026504865,
        13.911558444203317,
        12.685458216862664,
        22.53019330026606,
        23.87005209478711,
        26.32810657581767,
        30.66947974133251,
        49.57676459687063,
        43.5470407944728,
        69.84624921140201,
        119.25454072860401,
        156.87609923531147,
        168.33462310277466,
        343.529764100143,
        407.90439139191653
      ],
      "status": "ok"
    },
    {
      "pair_idx": 6,
      "A_idx": 547,
      "B_idx": 3075,
      "cos_perturbation_vs_edit": 0.33201101422309875,
      "projection_signed": 325.28417138029084,
      "mag_delta_h_from_B": 979.7391357421875,
      "mag_h_edit_contribution": 3065.81298828125,
      "p_A_postA": 0.999677300453186,
      "p_A_postAB": 2.6093214366591694e-39,
      "p_B_postAB": 1.0,
      "A_displaced": 0.999677300453186,