{
  "notebook": "Notebook 15 \u2014 LoRA Edit B Control",
  "timestamp": "20260425_025649",
  "model": "Qwen/Qwen3-0.6B",
  "n_pairs": 10,
  "conditions": [
    "skip",
    "full",
    "lora"
  ],
  "data_source": "pair indices auto-fetched from github.com/rukmini-17/targeted-unlearning",
  "lora_config": {
    "rank": 8,
    "lr": 0.01
  },
  "per_condition_means_A_displaced": {
    "skip": 0.0,
    "full": 0.8764912617356719,
    "lora": 0.20343084929989397
  },
  "per_condition_means_p_B_after": {
    "skip": 1.3107283016197969e-08,
    "full": 0.6993454863080842,
    "lora": 0.5724981017785995
  },
  "per_condition_n": {
    "skip": 10,
    "full": 10,
    "lora": 10
  },
  "pairwise_tests": {
    "skip_vs_full": {
      "p": 0.001953125,
      "diff": -0.8764912617356719
    },
    "skip_vs_lora": {
      "p": 0.03125,
      "diff": -0.20343084929989397
    },
    "full_vs_lora": {
      "p": 0.00390625,
      "diff": 0.673060412435778
    }
  }
}